mojo_title,criticscore,criticcount,audiencescore,audiencecount
Annabelle: Creation,84,56,4.2,9350
Murder on the Orient Express,62,29,6.8,279
Daddy's Home 2,52,46,6.4,408
Fifty Shades Darker,86,53,7.8,1290
Girls Trip,33,39,3.1,255
Sing,71,35,5.6,104
La La Land,59,37,6.2,248
Made in France,94,54,8.4,2215
Black Panther,tbd,4,No score yet,N/A
A Man Vanishes,88,55,6.3,3303
1945,92,5,9.0,4
Henchmen,73,13,7.4,8
A Breath Away,Link error,Link error,Link error,Link error
Sgt. Stubby: An American Hero,Link error,Link error,Link error,Link error
Senso,44,11,6.8,4
Realms,81,7,No score yet,N/A
Over the Limit,42,9,No score yet,N/A
Tall Tales from the Magical Garden of Antoon Krings,91,4,No score yet,N/A
Never-Ending Man: Hayao Miyazaki,Link error,Link error,Link error,Link error
Serendipity,64,8,No score yet,N/A
In Safe Hands,Link error,Link error,Link error,Link error
Indivisible,Link error,Link error,Link error,Link error
I Am Not A Witch,80,10,No score yet,N/A
For Those Who Don't Read Me,79,19,7.6,11
Narcissister Organ Player,Link error,Link error,Link error,Link error
The Hours and Times,69,5,No score yet,N/A
A Fish in the Bathtub,Link error,Link error,Link error,Link error
Tea With the Dames,Link error,Link error,Link error,Link error
American Playhouse: The Killing Floor,85,19,7.4,8
Joan the Maid 1: The Battles,Link error,Link error,Link error,Link error
"No Date, No Signature",Link error,Link error,Link error,Link error
Detour,Link error,Link error,Link error,Link error
Iceman,55,9,No score yet,N/A
I Lost Albert,32,4,3.2,6
TINY: The Life of Erin Blackwell,32,11,No score yet,N/A
Filmworker,63,12,No score yet,N/A
Bauhaus Spirit: 100 Years of Bauhaus,73,19,7.7,7
The Wandering Soap Opera,78,4,6.8,5
Mother of a Day,Link error,Link error,Link error,Link error
The Gliksmans,Link error,Link error,Link error,Link error
State Like Sleep,Link error,Link error,Link error,Link error
100 Acres of Hell,48,14,No score yet,N/A
A Cool Fish,56,5,No score yet,N/A
I'm Leaving Now,Link error,Link error,Link error,Link error
Wallflower,Link error,Link error,Link error,Link error
Slaughterhouse Rulez,47,7,6.0,7
La Flor,39,6,4.7,15
Kaili Blues,77,8,No score yet,N/A
Ballet Blanc,85,10,7.3,12
The Fate of Lee Khan,Link error,Link error,Link error,Link error
Tito and the Birds,75,4,No score yet,N/A
Crepitus,76,14,No score yet,N/A
SGT. Will Gardner,Link error,Link error,Link error,Link error
Chulas Fronteras,61,12,No score yet,N/A
Intuitions,70,12,No score yet,N/A
What You Gonna Do When the World's on Fire?,Link error,Link error,Link error,Link error
Spiral Farm,63,27,6.4,30
Halloween,Link error,Link error,Link error,Link error
Un traductor,47,18,5.6,337
Kedarnath,Link error,Link error,Link error,Link error
Body at Brighton Rock,25,8,5.6,9
Chokehold,53,11,3.6,7
Under the Eiffel Tower,Link error,Link error,Link error,Link error
The Miracle of the Little Prince,41,7,No score yet,N/A
Série noire,Link error,Link error,Link error,Link error
"One Nation, One King",Link error,Link error,Link error,Link error
Relaxer,75,5,4.5,4
The Golden Glove,82,7,6.5,11
Going Attractions: The Definitive Story of the Movie Palace,38,15,7.0,13
To Be of Service,Link error,Link error,Link error,Link error
Patrick the Pug,Link error,Link error,Link error,Link error
Of Fathers and Sons,83,11,6.3,7
"Monrovia, Indiana",75,25,6.4,52
The Plagiarists,Link error,Link error,Link error,Link error
This Magnificent Cake!,75,12,No score yet,N/A
Genesis,Link error,Link error,Link error,Link error
Grass,74,10,No score yet,N/A
Beloved Beast,64,19,7.9,8
The Etruscan Smile,Link error,Link error,Link error,Link error
The Dead Center,54,8,No score yet,N/A
Life and Nothing More,63,7,5.3,4
King of Thieves,82,15,8.2,19
Colossal Youth,47,16,5.3,9
Wings of Desire,Link error,Link error,Link error,Link error
Line of Duty,Link error,Link error,Link error,Link error
Around India with a Movie Camera,50,5,No score yet,N/A
When Lambs Become Lions,Link error,Link error,Link error,Link error
Shooting the Mafia,75,14,No score yet,N/A
Studio 54,61,15,No score yet,N/A
The Spanish Prisoner,70,22,6.0,9
Fritz Lang's Indian Epic,70,21,8.3,13
Streetwise,71,18,3.6,5
The Eyes of Orson Welles,Link error,Link error,Link error,Link error
Daughter of Mine,Link error,Link error,Link error,Link error
16 Bars,74,11,No score yet,N/A
Suburban Birds,Link error,Link error,Link error,Link error
Angels Are Made Of Light,72,7,No score yet,N/A
Ferrante Fever,Link error,Link error,Link error,Link error
Duet for Cannibals,52,6,No score yet,N/A
Between the Lines,Link error,Link error,Link error,Link error
Quartet,63,5,No score yet,N/A
I Do Not Care If We Go Down in History as Barbarians,64,36,6.1,43
Made Me Do It,81,10,No score yet,N/A
In Like Flynn,Link error,Link error,Link error,Link error
Yomeddine,66,6,7.6,13
Bricked,62,12,No score yet,N/A
Journey to the South Pacific,75,11,No score yet,N/A
Stuffed,Link error,Link error,Link error,Link error
The Disappearance of My Mother,56,4,No score yet,N/A
Liyana,78,6,No score yet,N/A
"Cassandro, The Exotico!",80,10,7.0,4
Zen for Nothing,28,4,No score yet,N/A
The House with a Clock in Its Walls,52,4,No score yet,N/A
The Cat Rescuers,57,38,5.8,109
First Man,58,5,No score yet,N/A
This One's for the Ladies,84,56,7.4,575
Screwball,54,8,No score yet,N/A
Boy Erased,72,10,8.2,6
Off Season,69,48,7.2,107
Hagazussa,71,8,No score yet,N/A
Frank and Ava,72,6,5.0,7
El Angel,Link error,Link error,Link error,Link error
Funan,61,13,7.3,16
Midnight Family,79,9,6.5,4
Touch Me Not,81,14,5.6,5
Trinity Seven The Movie 2: Heavens Library & Crimson Lord,65,13,No score yet,N/A
The Competition,56,7,8.5,4
A Private War,Link error,Link error,Link error,Link error
Our Time,75,32,7.1,55
To the Arctic 3D,Link error,Link error,Link error,Link error
ZZ Top: That Little Ol' Band from Texas,48,13,No score yet,N/A
Piercing,53,8,No score yet,N/A
Three Peaks,63,23,5.9,13
Galapagos,57,11,No score yet,N/A
Airpocalypse,80,15,7.8,5
Little Joe,tbd,4,No score yet,N/A
Ode to Joy,60,25,5.3,12
Starfish,38,7,No score yet,N/A
Citizen K,74,6,4.4,11
The House That Jack Built,76,19,5.4,7
Midnight Diner,Link error,Link error,Link error,Link error
Tremors,79,14,No score yet,N/A
Ballon,65,13,7.7,69
Joseph Pulitzer: Voice of the People,53,9,7.4,9
Scandalous: The True Story of the National Enquirer,Link error,Link error,Link error,Link error
Girls of the Sun,49,16,5.5,4
The Perfect Race,51,17,5.5,4
The Return of Martin Guerre,66,16,No score yet,N/A
Black Mother,Link error,Link error,Link error,Link error
Armstrong,86,10,3.9,7
Jane and Emma,57,7,7.3,6
Island of Lemurs: Madagascar,tbd,4,No score yet,N/A
Night School,66,12,5.2,5
General Magic,76,10,No score yet,N/A
Light of My Life,69,5,No score yet,N/A
Celebration,67,16,6.1,35
Wildlife,79,10,No score yet,N/A
The All Americans,80,41,7.5,81
The Gospel of Eureka,65,5,No score yet,N/A
Redoubt,66,9,No score yet,N/A
The Hole in the Ground,Link error,Link error,Link error,Link error
Wicked Witches,63,16,5.1,37
Vox Lux,Link error,Link error,Link error,Link error
Chasing Einstein,67,39,6.1,86
Invisible Life,Link error,Link error,Link error,Link error
Light from Light,81,16,8.9,28
Hyenas,80,14,6.0,4
Donnybrook,Link error,Link error,Link error,Link error
"Leaving Home, Coming Home: A Portrait of Robert Frank",53,15,5.2,5
Kind Hearts and Coronets,57,13,No score yet,N/A
The Wind,75,10,7.8,12
Hotel by the River,66,14,6.2,15
Batman & Robin,79,12,7.7,6
Wrestle,57,4,No score yet,N/A
Memory: The Origins of Alien,82,8,No score yet,N/A
The Day Shall Come,70,18,6.3,6
Lionel Richie at Glastonbury,70,21,5.8,10
The Nun,Link error,Link error,Link error,Link error
Deep Sea,Link error,Link error,Link error,Link error
In the Aisles,78,10,8.7,11
Recorder: The Marion Stokes Project,67,12,No score yet,N/A
Gift,76,14,No score yet,N/A
Sometimes Always Never,Link error,Link error,Link error,Link error
Vault,67,19,6.8,5
The Ground Beneath My Feet,Link error,Link error,Link error,Link error
Desolation Center,83,9,No score yet,N/A
An Acceptable Loss,Link error,Link error,Link error,Link error
Los Reyes,40,11,5.8,5
Sorry Angel,76,5,No score yet,N/A
Space Station 3D,73,21,7.3,8
Pasolini,69,13,8.7,7
An Elephant Sitting Still,71,18,7.0,4
Horn from the Heart: The Paul Butterfield Story,86,16,8.8,13
Buddy,Link error,Link error,Link error,Link error
The Wild Pear Tree,Link error,Link error,Link error,Link error
Love Live! Sunshine!! The School Idol Movie: Over The Rainbow,Link error,Link error,Link error,Link error
White Snake,Link error,Link error,Link error,Link error
Ága,60,6,7.8,4
Loro,Link error,Link error,Link error,Link error
Knife + Heart,Link error,Link error,Link error,Link error
Yardie,69,16,7.4,13
Buñuel in the Labyrinth of the Turtles,52,18,6.7,9
The Death of Dick Long,Link error,Link error,Link error,Link error
The Quiet One,69,21,5.4,7
Moonlight Sonata: Deafness in Three Movements,57,18,No score yet,N/A
Killer Unicorn,Link error,Link error,Link error,Link error
Batman Forever,Link error,Link error,Link error,Link error
The Cave,51,23,6.4,550
Charlie Says,Link error,Link error,Link error,Link error
Clemency,57,21,5.4,13
The Sower,77,31,6.6,25
Vita & Virginia,75,5,No score yet,N/A
Immortal Hero,Link error,Link error,Link error,Link error
The Star,tbd,4,No score yet,N/A
Shed of the Dead,42,12,6.3,31
Aniara,Link error,Link error,Link error,Link error
Slut in a Good Way,61,16,7.4,17
Maze,74,9,No score yet,N/A
For Sama,79,18,7.0,5
Sympathy for the Devil,89,18,7.5,26
Under the Silver Lake,Link error,Link error,Link error,Link error
Carmine Street Guitars,60,31,6.7,87
American Dharma,82,14,No score yet,N/A
The Final Wish,62,22,No score yet,N/A
The Bounty Killer,Link error,Link error,Link error,Link error
Free Trip to Egypt,tbd,4,No score yet,N/A
What Is Democracy?,Link error,Link error,Link error,Link error
Ophelia,71,7,No score yet,N/A
High on the Hog,60,23,6.2,15
¡He matado a mi marido!,Link error,Link error,Link error,Link error
"Cyrano, My Love",80,12,5.8,4
QT8: The First Eight,69,16,5.2,5
The Queen,71,8,6.9,7
Plácido Domingo Gala,91,37,6.7,376
Heavy Water,81,44,7.0,126
One Cut of the Dead,62,25,6.4,17
End of the Century,86,14,8.1,33
This Changes Everything,Link error,Link error,Link error,Link error
Mickey and the Bear,Link error,Link error,Link error,Link error
By the Grace of God,79,13,5.8,4
The Mountain,75,20,7.5,11
Sauvage / Wild,64,23,No score yet,N/A
Free Trip to Egypt,68,23,7.6,266
Being Frank,83,17,No score yet,N/A
The Divine Move 2: The Wrathful,41,12,No score yet,N/A
Cliffs of Freedom,21,11,6.9,14
Diamantino,Link error,Link error,Link error,Link error
Edie,75,15,7.2,6
5B,41,11,No score yet,N/A
"Hale County This Morning, This Evening",69,6,No score yet,N/A
The Battle of Jangsari,78,10,7.0,11
Storm Boy,64,20,6.9,25
3 Faces,67,7,7.8,5
Working Woman,Link error,Link error,Link error,Link error
Swing Kids,79,11,5.2,5
The Old Man & the Gun,Link error,Link error,Link error,Link error
High Strung Free Dance,75,16,6.9,10
Triple Threat,43,4,No score yet,N/A
Once Upon a Deadpool,60,4,4.7,18
Ploey,53,14,4.5,32
A Faithful Man,Link error,Link error,Link error,Link error
The Heiresses,67,15,6.5,4
Saint Judy,77,14,6.7,12
Skid Row Marathon,51,7,8.3,24
National Theater Live: Cyrano de Bergerac,Link error,Link error,Link error,Link error
Ms. Purple,81,12,6.8,9
ECCO,tbd,4,No score yet,N/A
Woodstock,31,5,No score yet,N/A
Papi Chulo,67,10,5.5,4
The Third Wife,Link error,Link error,Link error,Link error
Sound! Euphonium the Movie - Our Promise: A Brand New Day,71,13,8.0,6
Mayday Life,Link error,Link error,Link error,Link error
My Dear Liar,Link error,Link error,Link error,Link error
Margaret Atwood: Live in Cinemas,Link error,Link error,Link error,Link error
Take Point,62,11,9.0,4
A Bigger Splash,81,18,7.7,48
Wonders of the Sea,74,36,6.9,80
Mapplethorpe,76,12,6.6,5
The Image Book,42,18,4.8,5
The Song of Names,76,22,5.3,4
Anthropocene: The Human Epoch,51,15,7.4,11
Tazza: One-Eyed Jack,77,6,No score yet,N/A
Walking on Water,Link error,Link error,Link error,Link error
The Audience,63,11,No score yet,N/A
The Kingmaker,33,4,No score yet,N/A
Be Natural: The Untold Story of Alice Guy-Blaché,76,16,5.8,16
Miss & Mrs. Cops,Link error,Link error,Link error,Link error
Cold Case Hammarskjöld,54,13,3.9,7
The Fall of the American Empire,71,25,No score yet,N/A
Portrait of a Lady on Fire,55,19,7.0,11
Branagh Theatre Live: The Winter's Tale,95,48,8.7,277
Avant qu'on explose,80,9,No score yet,N/A
Police Story,Link error,Link error,Link error,Link error
Born to Be Wild,78,9,8.7,15
Easy Rider,66,14,7.4,11
Mary Magdalene,85,18,7.6,84
Woodstock,48,24,6.0,11
The Zoya Factor,69,9,No score yet,N/A
Made in Abyss: Journey's Dawn,Link error,Link error,Link error,Link error
Okko's Inn,90,38,7.8,174
Wilder vs. Ortiz,82,21,No score yet,N/A
Hubble 3D,42,11,8.8,21
Framing John DeLorean,53,10,No score yet,N/A
Palau the Movie,67,17,8.6,5
Rafiki,68,8,No score yet,N/A
Who Will Write Our History,68,17,7.5,4
Trial by Fire,Link error,Link error,Link error,Link error
Little Woods,51,19,6.2,5
The Last Resort,74,21,5.5,11
Glory,76,6,No score yet,N/A
Before You Know It,78,22,7.6,5
Peterloo,68,6,No score yet,N/A
Halston,66,34,5.8,17
The Death & Life of John F. Donovan,64,17,No score yet,N/A
War and Peace,78,5,No score yet,N/A
Them That Follow,Link error,Link error,Link error,Link error
Batman,57,23,6.2,10
"Diana Ross: Her Life, Love and Legacy",69,21,8.2,694
Bright Ones,74,8,No score yet,N/A
Bolshoi Ballet: The Golden Age,84,21,5.7,22
Sunset,27,9,3.0,4
Robin Hood,65,23,7.6,7
The Bad Guys: The Movie,53,40,6.3,359
Raymonda: Bolshoi Ballet,56,27,5.2,6
Marjaavaan,67,17,7.4,15
"Iyengar: The Man, Yoga, and the Student's Journey",76,20,7.1,13
Friendsgiving Day #2,75,5,6.6,11
To Dust,Link error,Link error,Link error,Link error
The River and the Wall,66,16,5.1,7
Dabangg 3,Link error,Link error,Link error,Link error
Forrest Gump,Link error,Link error,Link error,Link error
Venom,82,20,7.8,1394
Pagalpanti,Link error,Link error,Link error,Link error
Kathy Griffin: A Hell of a Story,Link error,Link error,Link error,Link error
Chasing the Dragon II: Wild Wild Bunch,60,8,6.8,8
"Faith, Hope & Love",Link error,Link error,Link error,Link error
The Possession of Hannah Grace,67,6,6.7,6
The Karate Kid,37,10,4.8,53
Hesburgh,61,37,6.6,298
The Iron Orchard,83,5,No score yet,N/A
Never Surrender: A Galaxy Quest Documentary,Link error,Link error,Link error,Link error
Premier Boxing Champions: PBC on FOX PPV: Pacquiao vs. Thurman,tbd,4,7.2,5
Premier Boxing Champions: PBC on FOX: Spence vs. Porter,77,13,6.2,9
"The Gangster, the Cop, the Devil",Link error,Link error,Link error,Link error
Friendsgiving Day #1,Link error,Link error,Link error,Link error
Canal Street,65,9,9.0,65
When Harry Met Sally...,Link error,Link error,Link error,Link error
311 Enlarged to Show Detail 3,82,13,7.5,15
Mobile Suit Gundam Narrative,Link error,Link error,Link error,Link error
Modest Heroes,60,25,6.8,75
Just Mercy,tbd,4,No score yet,N/A
One Child Nation,68,50,7.2,109
Is It Wrong to Try to Pick Up Girls in a Dungeon - Arrow of the Orion,85,25,8.2,22
The Tale of The Princess Kaguya,48,17,5.0,23
True Grit,89,28,8.6,220
Her Smell,80,41,7.7,725
I Want to Eat Your Pancreas,69,24,4.7,29
The Nutcracker and the Four Realms,Link error,Link error,Link error,Link error
Octaman,39,38,4.8,86
Slayer: The Repentless Killogy,59,31,7.4,36
Saga of Tanya the Evil - The Movie,Link error,Link error,Link error,Link error
Shakira in Concert: El Dorado World Tour,90,18,9.0,876
The Giant Spider Invasion,tbd,4,9.2,13
K-12,63,16,7.3,47
You Are Here: A Come From Away Story,42,7,5.7,6
Stockholm,36,36,4.6,22
Sword of Trust,54,18,7.8,43
Fleabag,70,21,7.1,8
The Big Fight Live: IBF Welterweight Title: Errol Spence Jr. vs. Mikey Garcia,80,20,6.2,6
Diane,70,15,7.7,34
Photograph,86,28,7.6,18
The Tomorrow Man,48,16,6.7,97
The Shawshank Redemption,49,18,6.0,6
Matthias & Maxime,80,20,9.0,1792
The Hummingbird Project,71,8,8.3,418
The Cure: Anniversary 1978-2018 Live in Hyde Park,58,26,6.1,22
The Wedding Guest,80,28,8.1,266
The Man Who Killed Don Quixote,57,25,5.4,7
Mia and the White Lion,58,25,6.8,41
The Nightingale,52,6,6.2,12
"Hello, Dolly!",67,4,No score yet,N/A
The Invisibles,78,27,7.6,39
The Reliant,60,11,No score yet,N/A
The Cold Blue,Link error,Link error,Link error,Link error
Ash Is Purest White,Link error,Link error,Link error,Link error
Fate/stay night [Heaven's Feel] II. lost butterfly,85,34,7.1,27
De De Pyaar De,38,34,5.0,149
Merci pour tout,tbd,4,No score yet,N/A
Cruel Intentions,57,24,5.5,22
Christmas Jars,56,24,8.3,340
Lawrence of Arabia,tbd,4,No score yet,N/A
Hail Satan?,100,8,8.7,356
Batla House,76,31,5.8,26
Nausicaä of the Valley of the Wind,74,50,6.8,281
Widows,75,4,8.6,21
Exit,84,57,6.9,260
Tel Aviv on Fire,Link error,Link error,Link error,Link error
Birds of Passage,70,16,No score yet,N/A
CatVideoFest,85,27,7.8,46
The Russian Five,91,38,8.9,1139
The Climbers,Link error,Link error,Link error,Link error
Wild Nights with Emily,Link error,Link error,Link error,Link error
Code Geass: Lelouch of the Re;Surrection,74,14,5.9,8
My Fair Lady,80,11,No score yet,N/A
The Public,95,15,8.3,21
Bethany Hamilton: Unstoppable,46,18,6.5,8
To Kill a Mockingbird,55,6,No score yet,N/A
The Least of These: The Graham Staines Story,88,16,8.6,71
Long Day's Journey Into Night,67,7,No score yet,N/A
The White Storm 2: Drug Lords,81,25,7.2,52
Grateful Dead Meet-Up 2019,Link error,Link error,Link error,Link error
Dirty Dancing,74,7,8.3,33
Racetime,65,20,7.6,95
The Sky Is Pink,tbd,4,No score yet,N/A
Furie,Link error,Link error,Link error,Link error
The Chaperone,Link error,Link error,Link error,Link error
Non-Fiction,33,11,6.4,7
Honeyland,78,29,6.7,19
The Game Changers,86,26,9.0,48
Raise Hell: The Life & Times of Molly Ivins,Link error,Link error,Link error,Link error
Student of the Year 2,Link error,Link error,Link error,Link error
The Captain,tbd,4,No score yet,N/A
Chonda Pierce: Unashamed,67,17,7.6,15
More Than Blue,Link error,Link error,Link error,Link error
Climax,80,22,6.4,5
Alien,67,37,7.5,136
Steel Magnolias,89,34,9.0,917
Howl's Moving Castle,56,13,8.3,13
The Fighting Preacher,78,43,7.5,72
Jesus Is King,tbd,4,No score yet,N/A
BlacKkKlansman,61,4,5.6,55
Kiki's Delivery Service,83,56,7.3,552
Perfect Strangers,82,30,6.6,38
Noah,81,24,6.4,15
Pati Patni Aur Woh,68,46,5.4,795
Between Me and My Mind,91,45,6.5,69
Princess Mononoke,82,21,6.8,5
Rush: Cinema Strangiato 2019,Link error,Link error,Link error,Link error
Bennett's War,tbd,4,No score yet,N/A
Playmobil: The Movie,44,33,6.1,267
Konosuba!: God's Blessing on This Wonderful World! - Legend of Crimson,86,15,8.7,128
El Coyote,80,16,6.6,13
No Safe Spaces,Link error,Link error,Link error,Link error
Ek Ladki Ko Dekha Toh Aisa Laga,31,5,9.0,21
Los Domirriqueños 2,Link error,Link error,Link error,Link error
BTS World Tour 'Love Yourself: Speak Yourself' (The Final) Seoul Live Viewing,77,41,6.2,134
Pilgrim's Progress,87,53,7.6,140
1917,96,41,9.0,1787
Nothing to Lose 2,78,57,8.4,812
Destroyer,46,13,5.8,5
Kinky Boots the Musical,62,44,5.6,70
The Kid,59,32,5.9,15
Metallica & San Francisco Symphony - S&M2,45,32,6.5,33
Extreme Job,80,45,7.4,77
Never Look Away,Link error,Link error,Link error,Link error
Red Joan,68,28,7.9,36
Fantastic Fungi,45,22,4.5,21
Made for More,70,8,No score yet,N/A
The Wife,43,33,5.6,24
Wild Rose,77,36,7.3,125
The Other Side of Heaven 2: Fire of Faith,80,32,8.9,88
Pandas,Link error,Link error,Link error,Link error
Capernaum,82,6,8.0,4
Ben Is Back,75,33,8.1,84
Badla,66,39,6.9,52
After the Wedding,63,28,7.3,49
Chhichhore,78,29,7.9,53
The Wizard of Oz,72,31,7.5,39
Housefull 4,92,30,8.5,446
3 from Hell,62,11,6.8,54
Gone with the Wind,50,5,5.2,26
Faustina: Love and Mercy,97,18,8.5,192
The White Crow,tbd,4,7.8,4
Promare,61,29,6.1,13
Better Days,77,8,10,2125
Arctic,40,38,6.1,52
The Art of Self-Defense,71,32,6.9,72
Instant Family,65,32,6.5,75
Shoplifters,57,28,7.3,107
Everybody Knows,93,40,8.4,184
Tod@s Caen,68,38,7.1,52
Fantastic Beasts: The Crimes of Grindelwald,Link error,Link error,Link error,Link error
Saaho,52,48,5.7,689
Friends 25th: The One With The Anniversary,Link error,Link error,Link error,Link error
Bharat,73,41,7.5,63
Simmba,Link error,Link error,Link error,Link error
Creed II,46,7,5.2,64
Echo in the Canyon,66,45,7.0,221
BTS World Tour: Love Yourself in Seoul,55,31,5.6,67
Ne Zha,Link error,Link error,Link error,Link error
Pain and Glory,54,5,8.7,18
Replicas,87,43,8.0,117
Uri: The Surgical Strike,50,4,No score yet,N/A
Amazing Grace,77,17,8.8,10
The Grinch,65,29,8.1,57
The Biggest Little Farm,51,32,6.2,145
Maiden,73,27,7.5,19
Brian Banks,82,25,8.0,21
Menteur,58,17,6.0,9
War,90,45,7.9,169
The Last Black Man in San Francisco,36,15,8.4,175
The Oscar Nominated Short Films 2019: Documentary,83,39,7.2,65
Pavarotti,48,37,5.6,59
The Sun Is also a Star,66,21,7.8,12
Bring the Soul: The Movie,52,25,5.7,20
The Mustang,tbd,4,10,5
Don't Let Go,77,36,6.7,34
Gully Boy,40,41,6.7,80
Arctic Dogs,79,40,6.7,58
The Wandering Earth,28,4,3.8,17
Captive State,57,8,5.5,69
The Current War: Director's Cut,54,19,5.5,75
Run the Race,83,25,8.2,96
The Dead Don't Die,39,11,4.1,43
Brittany Runs a Marathon,60,47,5.4,108
Penguins,72,33,6.2,40
Anna,69,18,7.4,18
Serenity,42,7,6.7,22
Stan & Ollie,74,34,8.3,789
"Where'd You Go, Bernadette",88,34,8.3,100
Motherless Brooklyn,Link error,Link error,Link error,Link error
Holmes & Watson,60,36,7.3,107
Black Christmas,62,33,7.7,174
The Best of Enemies,22,17,4.7,178
Greta,49,25,6.6,30
Dark Waters,54,42,6.1,78
The Lighthouse,73,38,7.9,99
Blinded by the Light,58,5,No score yet,N/A
After,71,44,6.7,84
The Kitchen,25,8,No score yet,N/A
They Shall Not Grow Old,tbd,4,No score yet,N/A
If Beale Street Could Talk,91,26,8.6,80
Poms,87,53,7.1,149
A Star Is Born,36,17,6.1,16
The Prodigy,88,60,8.4,1539
Miss Bala,45,18,5.6,48
Late Night,79,24,6.9,24
Second Act,70,46,6.1,74
Missing Link,46,27,5.9,47
The Kid Who Would Be King,68,30,7.0,84
The Good Liar,66,34,6.2,64
Brightburn,55,31,5.5,58
Charlie's Angels,89,47,8.3,219
Bombshell,68,45,7.5,161
The Favourite,64,46,6.2,161
Unplanned,91,53,7.7,469
Cats,10,7,9.5,1574
UglyDolls,32,51,5.4,518
The Peanut Butter Falcon,39,20,4.7,37
Jojo Rabbit,70,28,7.7,126
Shaft,58,57,7.8,663
Hellboy,50,33,8.1,83
Black and Blue,72,37,8.5,595
47 Meters Down: Uncaged,54,23,5.7,40
Stuber,43,17,5.2,61
Parasite,42,37,6.0,87
Booksmart,96,52,8.9,1486
A Dog's Journey,84,52,4.8,565
Fighting with My Family,59,40,6.4,55
Ralph Breaks the Internet,68,38,7.2,119
Judy,71,43,6.5,457
Uncut Gems,66,46,6.7,124
Countdown,91,56,7.1,576
The Art of Racing in the Rain,31,16,5.1,62
Bohemian Rhapsody,43,31,7.5,43
Midsommar,49,50,7.7,1076
21 Bridges,72,54,6.4,571
Vice,51,32,6.1,71
Happy Death Day 2U,Link error,Link error,Link error,Link error
Ready or Not,57,31,6.2,162
Child's Play,64,38,6.8,208
Long Shot,54,22,6.9,82
Dragon Ball Super: Broly,Link error,Link error,Link error,Link error
Doctor Sleep,Link error,Link error,Link error,Link error
Cold Pursuit,59,46,7.1,424
Overcomer,57,39,6.1,133
Last Christmas,17,5,6.9,45
The Hustle,50,40,5.9,95
The Intruder,35,28,3.9,88
Little Women,85,13,4.8,12
Crawl,87,23,7.6,69
The Mule,60,31,6.2,157
Breakthrough,57,6,3.8,8
Queen & Slim,46,17,6.5,43
The Angry Birds Movie 2,49,37,5.0,32
A Dog's Way Home,60,23,6.8,64
Playing with Fire,66,41,7.1,159
Rambo: Last Blood,Link error,Link error,Link error,Link error
Wonder Park,26,31,7.5,470
Five Feet Apart,45,22,5.6,37
Ma,53,27,7.8,115
Gemini Man,Link error,Link error,Link error,Link error
Isn't It Romantic,38,49,5.3,229
Green Book,80,56,6.1,831
What Men Want,69,52,8.0,548
Pet Sematary,49,29,3.5,49
The Curse of la Llorona,38,12,6.6,61
Bumblebee,41,28,4.6,109
Midway,66,39,7.0,532
A Beautiful Day in the Neighborhood,47,28,6.1,188
Escape Room,80,50,7.2,179
Dora and the Lost City of Gold,48,26,6.1,169
Abominable,63,23,5.0,81
Terminator: Dark Fate,31,6,6.2,18
X-Men: Dark Phoenix,54,51,3.9,875
Mary Poppins Returns,43,52,5.0,712
Angel Has Fallen,61,33,6.4,164
Zombieland: Double Tap,45,33,6.1,125
A Madea Family Funeral,55,38,6.5,303
Annabelle Comes Home,55,45,6.2,211
Spider-Man: Into the Spider-Verse,38,51,4.3,358
Good Boys,87,50,8.8,1630
Alita: Battle Angel,60,44,6.1,148
Rocketman,53,49,8.6,2055
Downton Abbey,69,49,7.4,408
The Addams Family,64,42,6.8,80
Hustlers,57,19,7.2,48
The LEGO Movie 2: The Second Part,79,44,6.1,259
Ford v Ferrari,65,51,6.7,240
The Upside,81,47,8.3,586
Godzilla: King of the Monsters,46,40,6.0,93
Glass,48,46,7.2,861
Maleficent: Mistress of Evil,43,53,6.6,556
Dumbo,43,40,6.3,213
Knives Out,51,55,5.8,230
Aquaman,82,52,7.6,903
Shazam!,55,50,6.9,1338
Once Upon a Time... In Hollywood,71,53,7.6,1267
How to Train Your Dragon: The Hidden World,55,26,6.2,98
John Wick: Chapter 3 - Parabellum,71,42,8.0,437
Fast & Furious Presents: Hobbs & Shaw,73,50,7.7,1051
Jumanji: The Next Level,81,56,6.4,946
It Chapter Two,58,37,6.4,287
Joker,58,52,6.5,796
Aladdin,59,60,9.0,6897
Spider-Man: Far from Home,86,25,8.7,154
Star Wars: Episode IX - The Rise of Skywalker,69,55,7.5,1354
Captain Marvel,53,61,4.6,5194
Frozen II,64,56,3.1,6034
Toy Story 4,64,47,6.9,497
The Lion King,84,57,7.9,746
Avengers: Endgame,88,30,8.8,805
Tosca's Kiss,78,57,7.8,4920
To Die Is Hard,91,19,7.9,19
Bad Lucky Goat,78,20,8.2,66
30 Years of Garbage: The Garbage Pail Kids Story,Link error,Link error,Link error,Link error
Midget Zombie Takeover,tbd,4,No score yet,N/A
The Legend of Hallowaiian,Link error,Link error,Link error,Link error
Under the Turban,tbd,4,6.5,4
Beauty and the Beholder,89,27,7.4,92
The Fencer,41,6,6.2,5
I Still See You,60,13,No score yet,N/A
From the East,31,7,6.8,12
That Way Madness Lies...,63,5,6.6,34
The Lost Village,Link error,Link error,Link error,Link error
Signature Move,Link error,Link error,Link error,Link error
In Search of Fellini,Link error,Link error,Link error,Link error
Finding Happiness,55,5,6.3,7
West Of The Jordan River,Link error,Link error,Link error,Link error
Forever,56,8,No score yet,N/A
Last Men in Aleppo,Link error,Link error,Link error,Link error
The Swan,80,14,3.7,31
Charged: The Eduardo Garcia Story,58,10,No score yet,N/A
The Pact,Link error,Link error,Link error,Link error
Kingsman: The Golden Circle,54,10,6.7,31
The Cage Fighter,44,44,6.4,527
Escapes,71,7,No score yet,N/A
The Paris Opera,72,9,8.0,4
Shadowman,54,5,No score yet,N/A
At First Light,78,6,No score yet,N/A
The Second Time Around,Link error,Link error,Link error,Link error
Tom of Finland,Link error,Link error,Link error,Link error
ACORN and the Firestorm,56,13,7.1,8
Straight Into a Storm,56,4,No score yet,N/A
Nana,48,4,No score yet,N/A
Living Proof,Link error,Link error,Link error,Link error
Game Changers,47,6,No score yet,N/A
Song Of Granite,Link error,Link error,Link error,Link error
Félicité,68,7,No score yet,N/A
Porto,Link error,Link error,Link error,Link error
The Citizen,75,11,8.3,4
Armed,38,4,7.8,5
Brimstone & Glory,Link error,Link error,Link error,Link error
The Family,Link error,Link error,Link error,Link error
Frank and Ava,42,32,6.2,172
Miss Kiet's Children,58,5,No score yet,N/A
The Peacemaker,70,9,No score yet,N/A
Nocturama,43,20,5.4,39
American Dresser,71,15,6.9,13
The Other Side of Everything,24,4,No score yet,N/A
Wonderstruck,Link error,Link error,Link error,Link error
Status Update,71,44,6.2,47
Stella's Last Weekend,Link error,Link error,Link error,Link error
The Texture of Falling,37,4,No score yet,N/A
Weightless,Link error,Link error,Link error,Link error
Kickboxer: Retaliation,56,11,No score yet,N/A
Kangaroo,54,5,6.1,14
The Long Dumb Road,66,5,No score yet,N/A
Edward II,64,12,4.8,4
Dolores,68,5,No score yet,N/A
Notes on an Appearance,81,11,7.2,5
Intersection,61,4,No score yet,N/A
12 Days,Link error,Link error,Link error,Link error
In Searching,81,6,No score yet,N/A
I Am MLK Jr.,tbd,4,No score yet,N/A
"Distant Voices, Still Lives",44,17,7.6,7
Aida's Secrets,73,12,7.7,6
On the Beach at Night Alone,58,17,6.2,5
Chavela,80,14,7.7,10
Defining Hope,68,9,8.0,5
School of Life,70,11,5.8,12
An Evening with Beverly Luff Linn,Link error,Link error,Link error,Link error
A Whale of a Tale,54,17,7.3,7
Shoah: Four Sisters,Link error,Link error,Link error,Link error
Calling All Earthlings,Link error,Link error,Link error,Link error
Ex Libris: New York Public Library,55,6,No score yet,N/A
The Lodgers,91,22,8.0,12
This is Congo,56,6,No score yet,N/A
In Echo Park,75,12,No score yet,N/A
Spiral,tbd,4,No score yet,N/A
Painless,40,4,6.2,9
The Clovehitch Killer,Link error,Link error,Link error,Link error
Tall: The American Skyscraper and Louis Sullivan,59,11,6.4,26
Summer of '67,Link error,Link error,Link error,Link error
Spettacolo,Link error,Link error,Link error,Link error
Legend of the Mountain,76,8,No score yet,N/A
Step Up: High Water,67,4,No score yet,N/A
The Crime of Monsieur Lange,79,5,No score yet,N/A
Please Stand By,69,22,6.7,14
Beauty and the Dogs,49,12,6.9,24
Survivors Guide To Prison,65,10,No score yet,N/A
Zoo Wars,66,5,No score yet,N/A
Strangers on the Earth,62,11,No score yet,N/A
The Quest of Alain Ducasse,54,4,No score yet,N/A
River Runs Red,61,7,No score yet,N/A
Wedding Party 2,26,5,No score yet,N/A
Bullitt County,72,9,8.6,8
The Advocates,50,5,No score yet,N/A
Mama Africa,Link error,Link error,Link error,Link error
Class Rank,50,6,No score yet,N/A
Rendezvous in July,Link error,Link error,Link error,Link error
The Most Unknown,66,7,No score yet,N/A
Souvenir,Link error,Link error,Link error,Link error
This is Our Land,49,10,No score yet,N/A
Hannah,61,8,No score yet,N/A
My Art,63,9,8.0,4
The Last Race,53,9,No score yet,N/A
Minding the Gap,77,6,No score yet,N/A
Novitiate,90,27,8.2,46
Quest,73,30,7.5,20
American Chaos,59,11,No score yet,N/A
Shooting the Mafia,52,9,No score yet,N/A
"Lou Andreas-Salomé, The Audacity to be Free",Link error,Link error,Link error,Link error
Our Blood is Wine,60,11,5.5,4
Shed Skin Papa,Link error,Link error,Link error,Link error
Greater,Link error,Link error,Link error,Link error
Night Shift,35,4,7.9,10
End of the Century,62,11,9.0,5
The Fox Hunter,45,10,No score yet,N/A
PGS: Intuition Is Your Personal Guidance System,76,17,7.0,28
The Lucky Man,74,31,7.8,55
Trust Machine: The Story of Blockchain,Link error,Link error,Link error,Link error
When You Read This Letter,62,4,No score yet,N/A
The Escape,Link error,Link error,Link error,Link error
Chasing the Blues,75,15,6.8,6
Bob le Flambeur,49,5,No score yet,N/A
Just One Drop,46,11,6.3,8
Allegiance to Broadway,77,13,8.0,6
To the Arctic 3D,Link error,Link error,Link error,Link error
Christ Stopped at Eboli,Link error,Link error,Link error,Link error
Gabriel and the Mountain,Link error,Link error,Link error,Link error
The Painted Bird,69,9,No score yet,N/A
"Amigo Skate, Cuba",72,25,6.1,10
The Transcendents,44,4,No score yet,N/A
Goldie,42,19,3.0,6
Crock of Gold: A Few Rounds with Shane MacGowan,72,10,No score yet,N/A
Bump Kowalski and the Ten Commandments,77,10,No score yet,N/A
Anything,88,10,No score yet,N/A
Who We Are Now,60,10,8.0,4
Ip Man: Kung Fu Master,83,7,5.6,10
To the Arctic 3D,Link error,Link error,Link error,Link error
Active Measures,54,10,8.1,21
The Devil and Father Amorth,68,9,7.5,19
Ice Dragon: Legend of the Blue Daisies,46,16,6.0,4
November,Link error,Link error,Link error,Link error
The Happys,47,26,8.8,41
Journey to the South Pacific,Link error,Link error,Link error,Link error
Izzy Gets the F*ck Across Town,tbd,4,No score yet,N/A
Loving Pablo,41,9,No score yet,N/A
The Tag Along: Devil Fish,42,16,6.2,11
The Workshop,78,11,6.2,5
Ava,74,15,6.3,4
Winning Formula,Link error,Link error,Link error,Link error
A Paris Education,76,5,No score yet,N/A
Babyteeth,53,5,No score yet,N/A
Deep Sea,77,29,7.0,27
The Atomic Cafe,48,39,7.1,270
Dear Santa,78,10,8.0,5
Sex and the Future,72,6,No score yet,N/A
Just One More Kiss,75,16,No score yet,N/A
Matthias & Maxime,tbd,4,No score yet,N/A
Human Nature,59,7,No score yet,N/A
The Other Lamb,56,30,7.1,20
Hubble 3D,65,17,6.3,9
Guest Artist,tbd,4,8.6,22
Human Capital,Link error,Link error,Link error,Link error
Made in Bangladesh,63,19,7.6,14
Que Leones,Link error,Link error,Link error,Link error
Death House,Link error,Link error,Link error,Link error
Afterward,72,14,8.0,4
An Elephant's Journey,66,5,No score yet,N/A
12 Hour Shift,72,7,No score yet,N/A
Let There Be Light,63,12,6.5,6
Jet Trash,76,11,7.6,10
Ridge Runners,49,5,No score yet,N/A
The Divine Order,tbd,4,No score yet,N/A
Vazante,67,16,6.6,8
The Misandrists,68,12,No score yet,N/A
Milford Graves Full Mantis,56,11,No score yet,N/A
Night of 7 Years,38,8,No score yet,N/A
Same Kind of Different as Me,72,4,No score yet,N/A
Belle de Jour,47,7,6.7,12
Cold Water,68,9,No score yet,N/A
The Cured,90,6,7.0,4
Poor Boy,57,20,6.1,18
The Apparition,84,18,No score yet,N/A
Resistance,18,13,3.8,59
Charm City,53,19,6.0,9
The Mercy,Link error,Link error,Link error,Link error
Memories of Underdevelopment,60,19,5.7,14
Black and Blue,Link error,Link error,Link error,Link error
Kind Hearts and Coronets,69,31,6.1,8
Stardust,54,13,No score yet,N/A
Under the Sea 3D,66,33,8.6,365
The Perfect Race,75,33,7.0,7
Inside the Rain,68,26,6.3,55
Draupadi Unleashed,Link error,Link error,Link error,Link error
Twiceborn,Link error,Link error,Link error,Link error
Coded Bias,67,8,No score yet,N/A
Vitalina Varela,Link error,Link error,Link error,Link error
The Kingmaker,Link error,Link error,Link error,Link error
The Wild Goose Lake,69,6,No score yet,N/A
Saving Brinton,76,17,6.6,11
The Grizzlies,78,5,No score yet,N/A
Straight Up,69,4,No score yet,N/A
Young Ahmed,66,12,6.3,8
BPM (Beats Per Minute),66,21,4.7,6
"No Date, No Signature",73,11,No score yet,N/A
Just Getting Started,73,11,7.4,10
For Those Who Don't Read Me,21,10,3.6,23
Goodland,Link error,Link error,Link error,Link error
The Big Bad Fox and Other Tales,Link error,Link error,Link error,Link error
Maui,66,6,7.8,12
24 Frames,64,15,6.7,6
The Other Side of Hope,Link error,Link error,Link error,Link error
"Hale County This Morning, This Evening",84,23,7.1,24
The House of Tomorrow,66,13,No score yet,N/A
Gray Matter,58,13,No score yet,N/A
Mamma Mia!,71,18,No score yet,N/A
Small Group,51,37,6.9,371
Centigrade,71,15,8.3,8
Girls vs Gangsters,46,8,No score yet,N/A
Strike,Link error,Link error,Link error,Link error
"I Was at Home, But...",Link error,Link error,Link error,Link error
Oolong Courtyard: KungFu School,39,10,5.5,6
Araby,66,5,No score yet,N/A
Submission,82,8,No score yet,N/A
Never Rarely Sometimes Always,52,13,6.5,4
Sputnik,91,35,0.8,1620
Shithouse,61,19,6.5,40
The Rescue,74,15,7.8,8
Foster Boy,Link error,Link error,Link error,Link error
American Deep State,Link error,Link error,Link error,Link error
Advocate,75,12,No score yet,N/A
Lore,77,6,No score yet,N/A
Pandora and the Flying Dutchman,76,28,7.7,28
Made in Hong Kong,82,5,No score yet,N/A
The Jesus Rolls,Link error,Link error,Link error,Link error
Mandy,44,13,3.6,5
Premature,81,30,6.9,240
Born to Be Wild,61,9,No score yet,N/A
Golden Exits,Link error,Link error,Link error,Link error
First We Take Brooklyn,71,21,6.9,9
L'Innocente,Link error,Link error,Link error,Link error
Humor Me,66,6,No score yet,N/A
Rodin,53,9,No score yet,N/A
A Ciambra,39,14,No score yet,N/A
Bigger,70,17,8.8,9
350 Days - Legends. Champions. Survivors,37,5,No score yet,N/A
What Will People Say,76,10,No score yet,N/A
Jumanji/Jumanji: Welcome to the Jungle,69,15,6.6,8
Summer in the Forest,70,7,No score yet,N/A
The Snowman Trek,72,6,No score yet,N/A
Before We Vanish,50,17,6.0,5
Digimon Adventure tri. Part 5: Coexistence,Link error,Link error,Link error,Link error
The Great Silence,67,12,7.2,5
Digimon Adventure tri. Part 6: Future,Link error,Link error,Link error,Link error
DAZN Boxing: Canelo Alvarez vs. Rocky Fielding,72,13,No score yet,N/A
Wanda,49,13,8.8,4
Unsubscribe,82,13,8.4,5
José,72,15,No score yet,N/A
Olympic Dreams,75,16,6.5,12
Disappearance at Clifton Hill,55,12,No score yet,N/A
After Parkland,61,11,No score yet,N/A
Rent-A-Pal,74,7,No score yet,N/A
Max Winslow and the House of Secrets,61,7,No score yet,N/A
Swallow,56,8,No score yet,N/A
True History of the Kelly Gang,65,22,6.4,36
Cane River,75,27,5.3,22
Bacurau,80,7,No score yet,N/A
Last Christmas,82,27,8.1,99
Buffaloed,41,14,6.9,20
A Christmas Story,61,13,6.8,10
Solo Brathuke So Better,77,8,8.6,190
Three Christs,tbd,4,No score yet,N/A
Abominable,39,13,5.5,6
Black '47,71,32,6.6,42
Cynthia,51,19,6.1,15
In Search of Greatness,Link error,Link error,Link error,Link error
My Friend Dahmer,72,7,No score yet,N/A
A Kid Like Jake,68,26,7.4,31
Digimon Adventure tri. Part 4: Loss,58,20,5.7,6
Walk With Me,57,13,7.0,4
Never Goin' Back,55,6,8.8,4
Making the Five Heartbeats,58,7,No score yet,N/A
"Westwood: Punk, Icon, Activist",Link error,Link error,Link error,Link error
Where Is Kyra?,65,5,6.8,11
Where Hands Touch,72,20,6.9,11
Outside In,44,13,7.0,7
The House That Jack Built,76,18,7.0,7
Liz and the Blue Bird,Link error,Link error,Link error,Link error
Feng Shui,Link error,Link error,Link error,Link error
"3100, Run and Become",Link error,Link error,Link error,Link error
The Doctor from India,27,16,2.3,98
Namiya,Link error,Link error,Link error,Link error
Tom of Finland,Link error,Link error,Link error,Link error
Charlie's Angels,75,20,6.1,11
Henchmen,67,18,No score yet,N/A
Summerland,Link error,Link error,Link error,Link error
Helicopter Eela,56,22,7.6,7
Enter the Fat Dragon,83,24,6.8,26
My Brothers' Crossing,Link error,Link error,Link error,Link error
Heaven,52,12,5.8,4
Waves,Link error,Link error,Link error,Link error
Miss Fisher & the Crypt of Tears,69,26,5.7,11
The Whistlers,Link error,Link error,Link error,Link error
Pray: The Story of Patrick Peyton,76,28,6.6,12
Honey Boy,tbd,4,No score yet,N/A
On the Basis of Sex,55,14,5.7,11
Tesla,73,27,6.1,15
First Lady,67,30,4.4,14
The Lighthouse,tbd,4,No score yet,N/A
Come and See,63,8,No score yet,N/A
Bye Bye Germany,Link error,Link error,Link error,Link error
StarDog and TurboCat,Link error,Link error,Link error,Link error
Riverdance 25th Anniversary Show,Link error,Link error,Link error,Link error
Above and Beyond: NASA's Journey to Tomorrow,tbd,4,No score yet,N/A
Archenemy,74,8,6.9,7
The Riot Act,57,7,7.3,8
A Breath Away,Link error,Link error,Link error,Link error
"Nico, 1988",47,18,4.9,14
After Auschwitz,77,16,6.3,11
En el séptimo día,74,8,No score yet,N/A
Keys To The Heart,55,24,6.5,8
Doctor Who: The Woman Who Fell to Earth,Link error,Link error,Link error,Link error
The Brawler,54,5,4.1,8
93Queen,46,4,No score yet,N/A
Claire's Camera,73,5,No score yet,N/A
Nancy,50,24,5.0,28
Goldstone,67,17,6.4,14
Bolshoi Ballet: Swan Lake,78,10,7.2,14
The Wandering Earth,60,19,7.7,519
Custody,64,27,8.0,22
First Cow,83,21,7.4,24
Made in Italy,89,41,6.9,83
Big Brother,45,11,6.2,5
Lobster Cop,Link error,Link error,Link error,Link error
The Price of Everything,Link error,Link error,Link error,Link error
Citizen K,76,16,No score yet,N/A
The Third Murder,58,23,6.0,5
The Man Standing Next,68,18,6.9,15
Come to Daddy,Link error,Link error,Link error,Link error
Ammonite,64,20,5.9,25
Invisible Life,73,38,7.0,27
"14 Days, 12 Nights",Link error,Link error,Link error,Link error
Grease,69,11,No score yet,N/A
Lupin III: The First,70,15,8.6,221
The Nest,61,4,7.5,4
Corpus Christi,79,31,7.2,19
Burden,77,20,8.1,23
Archive,72,11,No score yet,N/A
Incitement,67,6,7.2,32
Always and Forever,77,7,5.3,4
The Burnt Orange Heresy,54,33,7.4,9
Love Story,57,26,6.0,5
A Call to Spy,84,5,7.7,27
The Grinch,65,9,4.2,6
Beneath Us,84,16,No score yet,N/A
Most Wanted,Link error,Link error,Link error,Link error
BANDSTAND: The Broadway Musical on Screen,62,7,6.0,6
Godspeed: The Race Across America,72,14,6.2,26
Champion,45,40,6.1,54
National Theatre Live: Macbeth,tbd,4,No score yet,N/A
Meow Wolf: Origin Story,71,8,No score yet,N/A
Filmworker,75,5,No score yet,N/A
John McEnroe: In the Realm of Perfection,70,17,6.8,6
The Man Who Invented Christmas,82,17,6.1,7
Andrei Rublev,60,32,6.7,35
Golden Slumber,62,17,7.5,4
Revenge,Link error,Link error,Link error,Link error
Detective K: Secret of the Living Dead,81,23,6.4,135
Never Heard,Link error,Link error,Link error,Link error
National Theatre Live: Julius Caesar,78,19,No score yet,N/A
Deep Sea,69,34,7.0,310
Ismael's Ghosts,38,33,6.4,162
Namaste England,57,12,No score yet,N/A
The Good Liar,87,21,7.3,32
"Love, Cecil",40,17,1.6,23
Palm Springs,67,13,6.9,23
Extra Ordinary,83,42,7.8,215
Zombieland: Double Tap,72,14,6.5,23
National Theater Live: Cyrano de Bergerac,84,26,6.4,43
The Secrets We Keep,68,20,7.1,20
Wild Mountain Thyme,47,13,4.8,4
Frozen,45,24,5.6,7
Doctor Who Live Q&A And Screening,43,16,6.2,90
Blind Eyes Opened,82,26,7.8,6
Wonder Woman,73,25,7.9,52
An American in Paris,76,50,6.4,3319
Jiang Ziya,83,18,5.8,6
Mystify: Michael Hutchence,Link error,Link error,Link error,Link error
Mary Shelley,73,8,5.5,4
CatVideoFest 2020,49,28,5.8,22
Amazing Grace,62,14,6.7,9
A Chance in the World,87,26,9.0,816
Fatman,81,6,8.7,12
A Boy. A Girl. A Dream.,40,24,6.6,48
Nostalgia,75,22,8.1,37
The Captain,47,22,3.8,5
George Takei's Allegiance,Link error,Link error,Link error,Link error
Geostorm,69,4,No score yet,N/A
Yu-Gi-Oh!: The Movie - Pyramid of Light,21,22,4.2,210
Gonjiam: Haunted Asylum,Link error,Link error,Link error,Link error
The Young Karl Marx,Link error,Link error,Link error,Link error
Sleepless in Seattle,62,14,6.1,12
Ryuichi Sakamoto: Coda,72,17,6.9,81
Bisbee '17,78,12,7.0,6
How the Grinch Stole Christmas,71,16,7.8,5
Love After Love,46,29,6.5,208
Judy,84,14,6.3,8
Playing with Fire,66,14,5.1,15
Bel Canto,61,11,No score yet,N/A
Ordinary Love,50,18,6.3,9
Clemency,73,24,7.3,12
Die Hard,Link error,Link error,Link error,Link error
Les Misérables,72,14,5.8,841
Ride Your Wave,64,7,No score yet,N/A
Yellow Rose,63,9,No score yet,N/A
The Traitor,70,14,7.0,5
She Dies Tomorrow,64,22,6.6,16
The Kid Detective,80,37,5.0,41
Buddy Games,74,14,6.8,9
Stevie Nicks 24 Karat Gold the Concert,22,6,5.5,6
Tulsa,tbd,4,No score yet,N/A
Seberg,68,34,8.2,48
Greed,54,28,4.6,15
Pinocchio,52,32,5.5,11
Ava,Link error,Link error,Link error,Link error
Black Panther,63,4,No score yet,N/A
Iron Man,71,22,8.3,7
Best F(r)iends Volume Two,79,38,8.5,2227
Inside Out,61,18,8.0,4
Beauty and the Beast,28,8,4.7,6
Swing Kids,92,7,8.1,34
Night of the Living Dead,88,24,7.9,81
Support the Girls,89,17,8.2,59
Eating Animals,85,34,6.8,42
"Buttons, A New Musical Film",69,14,8.3,7
National Theatre Live: The Curious Incident of the Dog in the Night-Time,29,6,8.2,6
Far From the Tree,72,35,7.3,124
Boom for Real: The Late Teenage Years of Jean-Michel Basquiat,70,15,8.0,4
Is Genesis History?,72,12,No score yet,N/A
Museo,70,20,6.2,18
Bad Reputation,86,14,7.6,13
The Bolshoi Ballet: Live From Moscow - The Lady of the Camellias,66,15,6.4,8
Luis and the Aliens,68,27,6.4,75
Dark Waters,46,4,7.0,5
The Big Ugly,51,23,6.5,174
Journey's End,52,7,No score yet,N/A
Harriet,78,35,7.4,31
Rampant,Link error,Link error,Link error,Link error
Guardians of the Galaxy,Link error,Link error,Link error,Link error
Black Christmas,76,53,8.5,3239
Chhapaak,Link error,Link error,Link error,Link error
100% Wolf,Link error,Link error,Link error,Link error
Alone,56,15,No score yet,N/A
The Polar Express,70,9,6.5,21
Pain and Glory,61,36,6.9,237
Patterns of Evidence: The Red Sea Miracle,70,28,6.2,123
The Santa Clause,66,19,6.2,14
Baaghi 3,Link error,Link error,Link error,Link error
Coco,95,26,9.0,1311
Ghostbusters,54,4,8.2,6
Possessor,14,4,5.2,12
21 Bridges,72,28,7.5,40
The Bolshoi Ballet: Live From Moscow - The Flames of Paris,49,13,No score yet,N/A
Born to Be Wild,81,15,5.7,14
Maquia: When the Promised Flower Blooms,87,21,8.7,596
Goldbuster,81,18,6.9,20
The Monkey King 3,Link error,Link error,Link error,Link error
The Bolshoi Ballet: Live From Moscow - Don Quixote,51,4,No score yet,N/A
The Accidental Detective 2: In Action,68,10,No score yet,N/A
Last Letter,Link error,Link error,Link error,Link error
The Final Year,Link error,Link error,Link error,Link error
Fate/Stay Night: Heaven's Feel - I. Presage Flower,67,31,5.7,9
Gauguin: Voyage to Tahiti,89,19,7.8,31
Madeline's Madeline,54,11,6.6,5
Zama,71,30,6.0,25
The Bolshoi Ballet: Live From Moscow - Coppélia,89,26,7.3,38
Shortcut,73,11,8.0,7
Vanguard,26,6,No score yet,N/A
Sarileru Neekevvaru,34,14,No score yet,N/A
Becky,39,9,6.6,5
The Last Shift,54,22,6.3,23
The Tax Collector,61,13,5.3,4
Default,22,14,5.6,50
The Guilty,34,5,No score yet,N/A
Relic,83,23,8.1,71
Love and Monsters,77,36,6.1,54
The Assistant,59,11,8.0,66
The Goonies,79,43,4.9,70
Cut Throat City,62,13,7.4,168
True to the Game 2,67,11,6.4,9
Promising Young Woman,Link error,Link error,Link error,Link error
2 Hearts,72,38,7.6,64
Once Upon a Time... In Hollywood,29,6,No score yet,N/A
Joker,63,29,5.7,52
The Wretched,64,31,5.8,68
The Personal History of David Copperfield,61,15,6.3,11
Elf,77,39,4.5,38
Half Brothers,64,38,8.5,361
The Nightmare Before Christmas,30,7,No score yet,N/A
Fatale,82,31,8.4,174
Train to Busan Presents: Peninsula,42,13,No score yet,N/A
The Dating Project,51,26,4.9,48
Jurassic Park,87,24,8.3,20
The Treasure of the Sierra Madre,68,20,8.9,919
The Producers,98,10,8.5,93
Getting Grace,52,37,7.8,168
A Bad Moms Christmas,tbd,4,No score yet,N/A
Fragments of Truth,42,30,4.6,84
MFKZ,55,13,No score yet,N/A
Borg vs. McEnroe,48,6,8.6,19
Agent Mr. Chan,64,41,7.1,138
Hamlet,80,19,7.9,336
Alien Intrusion: Unmasking a Deception,72,30,6.6,34
RWBY: Argus Limited,72,17,7.8,6
The Square,16,12,3.4,28
Big,75,24,7.1,23
Across the Universe,73,20,8.6,159
What They Had,56,29,7.3,269
Skate Kitchen,69,25,6.9,14
Star Wars: Episode V - The Empire Strikes Back,72,29,7.3,8
Words on Bathroom Walls,82,25,9.1,1842
Generation Wealth,61,12,6.6,5
The Last Full Measure,53,23,7.8,19
My Boyfriend's Meds,51,25,6.9,25
Queen & Slim,Link error,Link error,Link error,Link error
Portrait of a Lady on Fire,58,13,6.8,4
Infidel,74,36,6.5,29
The King,Link error,Link error,Link error,Link error
The Broken Hearts Gallery,58,29,7.3,13
The SpongeBob Movie: Sponge on the Run,57,21,7.7,36
Richard Jewell,Link error,Link error,Link error,Link error
A Beautiful Day in the Neighborhood,Link error,Link error,Link error,Link error
The Rhythm Section,44,17,3.9,28
The Hunt,45,36,4.1,41
Cats,Link error,Link error,Link error,Link error
Downhill,72,30,8.5,105
Freaky,49,39,4.1,42
Let Him Go,66,37,6.4,45
Come Play,63,36,6.7,29
I Still Believe,58,21,5.8,17
Bloodshot,41,12,6.0,40
Emma.,44,35,5.0,192
Jojo Rabbit,39,5,6.3,24
The Way Back,29,13,4.1,45
Eating You Alive,66,33,7.2,106
Kings,80,22,7.3,111
Disney's Newsies: The Broadway Musical!,34,18,3.4,7
Andy Irons: Kissed by God,Link error,Link error,Link error,Link error
The Bolshoi Ballet: Live From Moscow - Giselle,65,31,7.4,39
Great Performances at the Met: MET Opera: Magic Flute,58,4,5.3,6
Under the Sea 3D,79,15,7.7,6
The Bolshoi Ballet: Live From Moscow - The Nutcracker,Link error,Link error,Link error,Link error
Son of Bigfoot,45,20,5.4,17
Hichki,Link error,Link error,Link error,Link error
Russ Taff: I Still Believe,87,25,8.3,55
Damsel,94,22,6.9,81
Get Out,63,33,4.6,20
Jane and Emma,85,48,7.4,1439
Honest Thief,70,9,8.2,49
Gretel & Hansel,46,21,6.2,31
The War with Grandpa,48,37,6.3,201
The Photograph,34,23,5.1,33
Unhinged,62,27,6.6,29
The Grudge,40,36,5.3,50
Suicide the Ripple Effect,49,32,3.4,258
The New Mutants,33,31,3.3,37
Kusama: Infinity,43,20,4.2,322
Mountain,71,17,No score yet,N/A
Parasite,22,29,4.6,96
Just Mercy,56,26,6.6,52
The Gentlemen,60,57,3.9,1621
Spies in Disguise,51,44,7.9,423
Frozen II,69,50,7.2,1085
The Call of the Wild,61,56,7.3,382
The Invisible Man,47,43,6.5,91
Little Women,72,58,6.9,533
Birds of Prey,26,46,5.1,163
Star Wars: Episode IX - The Rise of Skywalker,60,59,3.0,2502
1917,47,42,8.2,1194
Jurassic Park,77,8,7.3,10
Oh Lucy!,75,18,7.3,9
Attack on Titan: Smoke Signal,69,18,6.5,10
Vertigo,tbd,4,No score yet,N/A
Krull,100,32,8.8,240
Space Mutiny,45,10,6.8,8
Blade Runner 2049,86,17,7.9,48
Leaning Into The Wind,81,54,8.3,2277
The Gospel According to André,76,14,6.8,4
Believer,82,27,6.3,27
The Oath,58,5,No score yet,N/A
The Philadelphia Story,72,12,No score yet,N/A
"The Night Is Short, Walk on Girl",96,13,8.2,20
Cirque du Soleil in Cinema: KURIOS - Cabinet of Curiosities,55,7,7.5,4
DCI 2018 Tour Premeire,91,15,8.4,26
Porco Rosso,62,21,8.2,152
Perfect Blue,83,11,8.2,46
Puffs: Filmed Live Off Broadway,70,32,5.6,18
Bilal: A New Breed of Hero,59,46,6.6,258
Monster,52,11,8.6,40
Die Hard,74,40,7.2,127
The Sandlot,81,20,7.1,19
Grave of the Fireflies,55,27,8.0,6
Castle in the Sky,94,16,9.3,56
Fireworks,78,7,8.7,68
Anna and the Apocalypse,40,10,4.1,16
Dragon Ball Z: Bardock - The Father of Goku/Dragon Ball Z: Fusion Reborn,67,24,7.2,6
The Happy Prince,62,28,7.2,15
The Great Battle,64,26,6.5,15
The Room,tbd,4,No score yet,N/A
The Ex-File 3: The Return of The Exes,9,5,5.2,361
The Cat Returns,69,6,7.3,12
Loveless,70,11,7.3,24
The Riot and the Dance,75,10,No score yet,N/A
The Big Lebowski,64,17,No score yet,N/A
Marshall,71,46,8.7,712
Burning,66,34,6.7,61
The Sound of Music,92,44,7.4,352
Foxtrot,63,11,8.5,49
The Transformers,88,34,7.3,34
Ponyo,59,32,6.2,17
Dragon Ball Z: Broly - The Legendary Super Saiyan,Link error,Link error,Link error,Link error
The Trump Prophecy,70,20,8.1,10
Monster Hunt 2,Link error,Link error,Link error,Link error
HBO Boxing: Canelo Alvarez vs. Gennady Golovkin II,69,12,No score yet,N/A
"Love, Gilda",67,37,6.1,32
On Chesil Beach,49,27,6.4,18
How Long Will I Love U,62,33,6.4,27
The Island,Link error,Link error,Link error,Link error
The Party,50,38,8.7,695
1945,73,31,6.3,32
Pokémon the Movie: The Power of Us,50,24,4.7,19
Like Arrows,74,29,6.9,37
Kedarnath,79,33,6.1,28
The Dawn Wall,56,17,No score yet,N/A
Little Italy,Link error,Link error,Link error,Link error
Labyrinth,28,4,5.5,10
The Insult,50,10,8.5,175
Wildlife,72,25,8.2,27
The Cakemaker,69,36,7.0,53
Great Performances at the Met: Rossini: Semiramide,74,9,7.7,17
Qué León,66,13,7.5,41
Along With the Gods: The Two Worlds,79,18,8.1,12
Great Performances at the Met: Verdi: Luisa Miller,80,44,7.6,50
Spirited Away,Link error,Link error,Link error,Link error
Beautifully Broken,tbd,4,6.3,10
Grease,Link error,Link error,Link error,Link error
Great Performances at the Met: Mozart: Così fan tutte,84,28,7.7,29
102 Not Out,tbd,4,6.3,4
Little Women,94,53,8.3,3015
Made for More,Link error,Link error,Link error,Link error
Princess Mononoke,53,15,6.5,11
Operation Red Sea,Link error,Link error,Link error,Link error
Great Performances at the Met: Verdi: Aida,Link error,Link error,Link error,Link error
On the Basis of Sex,Link error,Link error,Link error,Link error
The Front Runner,48,5,No score yet,N/A
Assassination Nation,61,44,6.2,37
Pope Francis: A Man of His Word,56,28,6.4,45
The Bookshop,86,43,7.0,106
Great Performances at the Met: Puccini: Tosca,62,22,6.5,20
1991,51,31,6.7,46
Suspiria,92,42,7.7,117
A Beautiful Planet,79,11,7.9,72
Bharath Ane Nenu,84,41,7.3,305
Puzzle,Link error,Link error,Link error,Link error
God Bless the Broken Road,Link error,Link error,Link error,Link error
American Animals,31,6,7.3,10
Whitney,68,40,7.8,105
Thoroughbreds,75,37,7.7,27
The Sisters Brothers,75,37,7.1,106
The Leisure Seeker,78,44,7.4,117
Hearts Beat Loud,45,23,7.3,11
2001: A Space Odyssey,65,29,7.2,33
The Disaster Artist,84,25,8.1,1183
7 Days in Entebbe,76,44,7.6,374
Bad Samaritan,49,29,5.8,40
"Juliet, Naked",42,20,6.3,44
Justice League,85,48,7.5,203
Disobedience,45,52,6.3,2274
The Oscar Nominated Short Films 2018: Live Action,74,38,7.3,83
Sgt. Stubby: An American Hero,74,51,7.8,2074
Ya veremos,87,35,8.3,87
Burn the Stage: The Movie,25,4,No score yet,N/A
Johnny English Strikes Again,24,16,4.4,49
Father Figures,39,22,6.1,93
Samson,22,17,4.7,29
Beirut,46,33,5.5,60
Action Point,69,31,6.3,57
Colette,36,19,4.1,31
Kin,74,40,7.1,60
God's Not Dead: A Light in Darkness,35,20,5.0,33
Pandas,Link error,Link error,Link error,Link error
Once Upon a Deadpool,1,8,4.4,289
Every Day,88,44,7.6,164
The Hurricane Heist,48,13,6.5,4
Unbroken: Path to Redemption,35,12,4.4,41
Fahrenheit 11/9,39,7,4.4,10
Boy Erased,58,36,5.5,93
Downsizing,Link error,Link error,Link error,Link error
Mid90s,63,48,5.4,207
Can You Ever Forgive Me?,66,45,7.6,116
Sanju,63,45,6.2,119
They Shall Not Grow Old,Link error,Link error,Link error,Link error
Early Man,88,43,7.4,261
Welcome to Marwen,68,39,6.2,92
Traffik,53,26,4.8,64
Tully,37,10,4.3,24
Midnight Sun,73,20,8.3,4
Mary Queen of Scots,38,14,5.0,28
Wonder,44,13,8.2,12
Hell Fest,66,33,7.6,235
The Old Man & the Gun,26,11,8.0,64
Upgrade,63,6,7.3,23
Three Identical Strangers,67,33,7.8,374
All the Money in the World,81,30,7.8,63
The Darkest Minds,72,47,6.4,174
Call Me by Your Name,39,28,5.6,82
Eighth Grade,93,53,8.0,1085
RBG,89,49,8.0,280
The Favourite,43,28,6.4,77
Chappaquiddick,36,18,6.3,25
Sorry to Bother You,67,33,7.3,63
Lady Bird,80,51,7.0,226
"Paul, Apostle of Christ",94,50,7.6,949
Bad Times at the El Royale,58,33,6.7,61
Show Dogs,60,43,7.2,283
Vice,31,14,1.4,31
Phantom Thread,52,30,5.7,28
The Happytime Murders,90,51,7.7,505
Proud Mary,27,48,4.6,105
Holmes & Watson,35,23,4.5,36
The Strangers: Prey at Night,59,35,6.5,55
Winchester,48,25,5.7,75
Searching,28,18,4.4,76
"I, Tonya",71,34,7.9,307
Teen Titans GO! To the Movies,65,41,7.3,177
Coco,69,25,6.4,133
Super Troopers 2,30,15,2.3,135
Robin Hood,41,29,6.7,84
Adrift,58,20,6.7,101
Nobody's Fool,Link error,Link error,Link error,Link error
Green Book,82,55,8.0,485
The Spy Who Dumped Me,79,51,7.1,939
Death Wish,52,43,6.0,120
Peppermint,31,32,6.9,206
Alpha,29,26,5.8,101
Mile 22,63,26,6.6,127
The 15:17 to Paris,38,36,5.3,107
The Commuter,45,36,4.9,100
Darkest Hour,56,44,6.3,174
"Love, Simon",75,50,7.3,329
Truth or Dare,88,38,8.3,281
Pitch Perfect 3,35,33,4.1,134
Widows,40,35,5.8,109
Sherlock Gnomes,57,27,6.0,29
Tyler Perry's Acrimony,36,14,4.4,50
First Man,87,49,7.2,936
12 Strong,49,24,6.3,112
Breaking In,53,20,4.5,43
Red Sparrow,42,24,4.0,32
The Shape of Water,53,51,5.4,344
BlacKkKlansman,87,53,7.0,1006
Sicario: Day of the Soldado,48,45,3.8,106
Overboard,61,50,7.0,260
The Predator,53,13,8.0,13
Life of the Party,48,49,4.3,459
A Simple Favor,46,32,5.0,67
The Nutcracker and the Four Realms,67,41,6.9,222
Maze Runner: The Death Cure,56,35,6.4,161
Tomb Raider,50,38,6.5,231
Pacific Rim: Uprising,48,52,6.3,647
Blockers,44,45,4.8,351
The Mule,69,46,6.3,145
Skyscraper,49,23,5.5,129
The House with a Clock in Its Walls,51,43,5.3,200
Game Night,53,37,4.9,60
The First Purge,66,41,7.1,345
Bumblebee,54,39,4.7,140
Smallfoot,83,51,7.0,419
Christopher Robin,30,8,7.9,63
Fifty Shades Freed,60,43,7.4,217
A Wrinkle in Time,31,43,3.6,144
Star Wars: Episode VIII - The Last Jedi,53,52,2.8,233
The Equalizer 2,45,46,5.7,279
Mary Poppins Returns,50,43,6.6,169
The Nun,51,26,6.5,95
The Greatest Showman,60,46,6.7,151
Ready Player One,48,43,7.5,527
Ocean's Eight,64,56,7.3,1128
Fantastic Beasts: The Crimes of Grindelwald,46,46,5.5,292
Crazy Rich Asians,54,23,6.1,146
Bohemian Rhapsody,82,55,7.5,1123
Ant-Man and the Wasp,62,54,6.1,1802
Mission: Impossible - Fallout,70,56,7.0,776
The Grinch,58,44,6.8,579
Jurassic World: Fallen Kingdom,66,51,7.7,1165
Incredibles 2,51,59,5.6,687
Avengers: Infinity War,80,51,7.8,893
Peter and the Farm,68,54,8.7,3861
Justice Is Mind,80,13,No score yet,N/A
The Eyes of My Mother,90,7,5.3,16
La folle histoire de Max et Léon,63,23,6.0,28
The Witness,42,4,4.5,22
National Bird,79,18,6.9,8
NightLights,75,11,No score yet,N/A
My Annoying Brother,Link error,Link error,Link error,Link error
Anatahan,Link error,Link error,Link error,Link error
This Last Lonely Place,Link error,Link error,Link error,Link error
The Black Dove,Link error,Link error,Link error,Link error
Christine,80,7,No score yet,N/A
The Student,72,34,6.9,42
The Loving Story,Link error,Link error,Link error,Link error
Julian Schnabel: A Private Portrait,Link error,Link error,Link error,Link error
I Am Not Madame Bovary,42,7,No score yet,N/A
Extraordinary Ordinary People,65,13,7.2,6
The Lion in Winter,Link error,Link error,Link error,Link error
Always Shine,39,6,No score yet,N/A
The Penguin Counters,72,15,5.8,17
A Different American Dream,Link error,Link error,Link error,Link error
Level Five,Link error,Link error,Link error,Link error
It's Not Yet Dark,87,8,No score yet,N/A
The Romans,96,22,8.1,70
The Polar Express,78,13,7.0,8
Almost Friends,47,4,7.3,4
"Intent to Destroy: Death, Denial & Depiction",69,14,No score yet,N/A
The Greasy Strangler,Link error,Link error,Link error,Link error
Magnus,58,13,5.4,11
Red Christmas,52,12,No score yet,N/A
Under the Sun,52,5,5.4,5
Detour,81,14,6.6,21
New World Order,Link error,Link error,Link error,Link error
The Ghoul,Link error,Link error,Link error,Link error
Take Me,69,16,No score yet,N/A
7 from Etheria,56,11,6.5,11
Behind the White Glasses,Link error,Link error,Link error,Link error
No Home Movie,Link error,Link error,Link error,Link error
1898: Our Last Men in the Philippines,81,10,7.4,5
Kepler's Dream,Link error,Link error,Link error,Link error
Apprentice,75,11,7.1,21
The Bad Kids,77,7,7.0,4
Justice,75,9,No score yet,N/A
Daughter of the Nile,Link error,Link error,Link error,Link error
I Dream in Another Language,68,8,No score yet,N/A
Spices of Liberty,64,6,8.0,8
Tower,Link error,Link error,Link error,Link error
Bugs,92,22,8.0,50
The Gender Card Flip,44,13,No score yet,N/A
Bad Match,62,6,No score yet,N/A
Amanda & Jack Go Glamping,56,4,7.2,5
"Love, Sweat and Tears",65,8,No score yet,N/A
Train to Busan,Link error,Link error,Link error,Link error
Who's Crazy?,72,16,7.9,346
The Beautiful Troublemaker,Link error,Link error,Link error,Link error
Singularity,Link error,Link error,Link error,Link error
Dream Boat,83,13,6.5,6
A Boy Called Po,56,4,7.2,6
Miss Kiet's Children,47,4,6.0,5
German Concentration Camps Factual Survey,42,7,No score yet,N/A
The Pulitzer at 100,Link error,Link error,Link error,Link error
Vengeance: A Love Story,43,4,No score yet,N/A
Icaros: A Vision,Link error,Link error,Link error,Link error
Shakespeare-Wallah,77,8,No score yet,N/A
The Tribes of Palos Verdes,Link error,Link error,Link error,Link error
I Love You Both,49,10,5.4,7
Night School,Link error,Link error,Link error,Link error
Gold,52,6,No score yet,N/A
Company Town,49,40,6.4,72
No culpes al karma de lo que te pasa por gilipollas,Link error,Link error,Link error,Link error
Shut In,62,12,7.0,8
Reset,25,14,3.7,35
The Man from Earth: Holocene,36,5,No score yet,N/A
The Vault,Link error,Link error,Link error,Link error
The Work,50,5,3.6,19
Starless Dreams,84,13,7.5,8
The Seasons In Quincy: Four Portraits of John Berger,85,9,No score yet,N/A
Trespass Against Us,47,14,5.6,5
Chosen,50,16,4.5,12
Best Worst Thing That Ever Could Have Happened,Link error,Link error,Link error,Link error
In the Steps of Trisha Brown,81,12,No score yet,N/A
The Last Rampage,tbd,4,No score yet,N/A
Arise from Darkness,48,5,No score yet,N/A
Harry Benson: Shoot First,49,4,No score yet,N/A
A Kind of Loving,74,11,No score yet,N/A
The Pathological Optimist,54,4,No score yet,N/A
Overdrive,Link error,Link error,Link error,Link error
The Ballad of Lefty Brown,Link error,Link error,Link error,Link error
Suntan,64,12,6.3,12
Footnotes,59,9,No score yet,N/A
From Nowhere,60,7,No score yet,N/A
The Jazz Funeral,75,8,No score yet,N/A
Served Like a Girl,Link error,Link error,Link error,Link error
Big Time,85,5,3.8,4
Birthright: A War Story,57,5,No score yet,N/A
Natasha,70,5,No score yet,N/A
Maurizio Cattelan: Be Right Back,76,6,No score yet,N/A
Félicité,70,4,No score yet,N/A
Painted Woman,18,27,4.8,58
The Eyes,62,10,No score yet,N/A
Irreplaceable,Link error,Link error,Link error,Link error
Inspector Maigret,Link error,Link error,Link error,Link error
Amelia 2.0,Link error,Link error,Link error,Link error
Thirst Street,74,14,7.2,9
Remember the Goal,71,11,No score yet,N/A
In Search of Fellini,tbd,4,No score yet,N/A
Pelle the Conqueror,76,11,No score yet,N/A
Mifune: The Last Samurai,68,6,No score yet,N/A
The Magnificent Seven,64,14,8.0,5
The Challenge,54,50,6.5,325
Blind,69,7,No score yet,N/A
Ugetsu,83,14,7.6,37
Dead Awake,75,16,No score yet,N/A
Sweet Virginia,Link error,Link error,Link error,Link error
Frank Serpico,72,13,7.2,18
Staying Vertical,68,6,No score yet,N/A
4 Days in France,65,17,7.5,6
Junction 48,73,10,No score yet,N/A
Seven Beauties,62,7,No score yet,N/A
Heal,76,8,No score yet,N/A
Birdboy: The Forgotten Children,Link error,Link error,Link error,Link error
The Beatles: Eight Days a Week - The Touring Years,Link error,Link error,Link error,Link error
Time to Die,72,22,8.6,25
Victor,Link error,Link error,Link error,Link error
Red Trees,tbd,4,No score yet,N/A
After Love,57,5,No score yet,N/A
Miss Sloane,66,15,No score yet,N/A
Brotherhood of Blades 2,64,41,7.1,133
The Farthest,61,12,No score yet,N/A
All the Queen's Horses,87,7,6.7,18
SHOT! The Psycho-Spiritual Mantra of Rock,72,4,No score yet,N/A
The Freedom to Marry,67,10,No score yet,N/A
Hunter Gatherer,67,6,No score yet,N/A
Swim Team,70,8,No score yet,N/A
The Sacrifice,72,4,No score yet,N/A
Kills On Wheels,80,14,6.6,5
Sacred,65,5,No score yet,N/A
Mission Control: The Unsung Heroes of Apollo,60,4,No score yet,N/A
Brave New Jersey,71,4,No score yet,N/A
All the Rage,45,8,No score yet,N/A
Carrie Pilby,Link error,Link error,Link error,Link error
Contemporary Color,52,14,7.7,6
That Most Important Thing: Love,79,12,No score yet,N/A
Harmonium,72,5,No score yet,N/A
Bad Grandmas,84,16,7.7,9
Trafficked,Link error,Link error,Link error,Link error
Heat and Dust,38,4,No score yet,N/A
Mansfield 66/67,49,7,No score yet,N/A
The Blackcoat's Daughter,52,8,No score yet,N/A
Trophy,70,12,7.5,4
The Girl Without Hands,80,19,No score yet,N/A
The Man from Outer Space,82,8,6.7,9
Better Watch Out,31,9,6.1,18
The Lucky Man,67,13,6.2,72
Man Underground,tbd,4,No score yet,N/A
Whisky Galore,Link error,Link error,Link error,Link error
God Knows Where I Am,tbd,4,8.5,15
The Recall,66,11,No score yet,N/A
The Passion of Joan of Arc,Link error,Link error,Link error,Link error
The Transfiguration,Link error,Link error,Link error,Link error
Paradise Club,65,16,6.3,6
Queen of Katwe,tbd,4,No score yet,N/A
Una,73,40,6.4,60
My Scientology Movie,62,28,4.7,20
The Departure,62,12,6.4,8
The Grace of Jake,85,9,8.5,4
For Ahkeem,72,7,No score yet,N/A
Naples '44,Link error,Link error,Link error,Link error
30 Years of Garbage: The Garbage Pail Kids Story,65,9,No score yet,N/A
Radio Dreams,72,19,6.4,16
Mali Blues,74,6,No score yet,N/A
The Old Dark House,85,4,No score yet,N/A
False Confessions,70,17,6.1,39
Lemon,41,8,No score yet,N/A
Signature Move,59,20,5.8,8
On the Beach at Night Alone,70,8,No score yet,N/A
No Greater Love,64,21,7.2,37
Ribbons,85,4,No score yet,N/A
Sidemen: Long Road to Glory,tbd,4,No score yet,N/A
Super Dark Times,70,6,No score yet,N/A
Alone in Berlin,75,18,7.0,40
Wasted! The Story of Food Waste,52,16,6.4,10
Uncertain,74,6,No score yet,N/A
Le Trou,89,7,8.5,4
Growing Up Smith,66,9,No score yet,N/A
XX,Link error,Link error,Link error,Link error
The Edge of Seventeen,64,15,3.1,40
Love & Taxes,77,38,7.7,221
Dave Made a Maze,75,14,6.2,9
The Commune,60,9,7.2,12
Sophie and the Rising Sun,60,22,No score yet,N/A
Heart Blackened,55,5,No score yet,N/A
Maurice,Link error,Link error,Link error,Link error
School Life,75,14,8.6,20
A Woman's Life,73,15,No score yet,N/A
78/52: Hitchcock's Shower Scene,39,24,3.9,13
Hermia & Helena,Link error,Link error,Link error,Link error
Unrest,76,16,No score yet,N/A
Karl Marx City,80,7,8.9,15
Just One Drop,73,10,No score yet,N/A
The Settlers,67,14,No score yet,N/A
One Week and a Day,75,8,No score yet,N/A
"Léon Morin, Priest",72,11,No score yet,N/A
Bluebeard,73,5,No score yet,N/A
Tampopo,tbd,4,No score yet,N/A
Napping Princess,87,18,No score yet,N/A
The Ornithologist,69,5,4.3,11
My Journey Through French Cinema,85,14,5.9,17
The Paris Opera,87,17,3.3,4
Twenty Two,80,10,5.3,4
Extraordinary Mission,Link error,Link error,Link error,Link error
Person to Person,40,17,No score yet,N/A
I Called Him Morgan,53,16,No score yet,N/A
Happy End,90,20,6.7,16
Beautiful Accident,Link error,Link error,Link error,Link error
The Boom,71,7,No score yet,N/A
Worlds Apart,54,5,3.1,13
Donald Cried,61,5,8.4,5
Fire at Sea,72,13,7.5,4
The Brand New Testament,87,20,6.8,17
The Teacher,70,17,7.1,22
To the Arctic 3D,77,8,7.1,10
Bang! The Bert Berns Story,72,19,4.8,6
Turn It Around: The Story of East Bay Punk,79,5,No score yet,N/A
Manolo: the Boy Who Made Shoes for Lizards,65,4,No score yet,N/A
Bad Santa 2,52,9,No score yet,N/A
Tragedy Girls,38,36,5.4,65
The Tiger Hunter,58,10,6.3,23
The Wasted Times,66,7,No score yet,N/A
Architects of Denial,Link error,Link error,Link error,Link error
The Love Witch,Link error,Link error,Link error,Link error
Alive and Kicking,82,27,6.0,54
Ocean Waves,77,5,No score yet,N/A
The Nile Hilton Incident,73,4,7.2,22
Earth: One Amazing Day,70,8,7.4,16
Buster's Mal Heart,Link error,Link error,Link error,Link error
Hostiles,Link error,Link error,Link error,Link error
Dina,73,13,No score yet,N/A
Because of Grácia,75,21,No score yet,N/A
Stefan Zweig: Farewell to Europe,75,9,8.3,4
BPM (Beats Per Minute),Link error,Link error,Link error,Link error
Chapter & Verse,74,46,7.6,379
Night of the Living Dead,tbd,4,4.5,6
Tim Timmerman: Hope of America,tbd,4,No score yet,N/A
The Lure,98,19,8.3,127
The Bolshoi Ballet: Live From Moscow - A Hero of Our Time,tbd,4,8.4,7
Slack Bay,Link error,Link error,Link error,Link error
Score,66,19,No score yet,N/A
Munna Michael,tbd,4,No score yet,N/A
The Thousand Faces of Dunjia,79,13,5.8,21
Like Crazy,Link error,Link error,Link error,Link error
Inferno,68,38,7.3,113
The B-Side: Elsa Dorfman's Portrait Photography,42,47,5.5,189
The King's Choice,Link error,Link error,Link error,Link error
City of Ghosts,73,16,6.7,9
Moka,57,26,8.0,7
Our Time Will Come,69,10,No score yet,N/A
Things to Come,82,9,7.0,6
Thelma,88,28,6.9,47
The Handmaiden,86,14,6.1,9
Explosion,84,40,8.5,257
The Other Side of Hope,67,7,No score yet,N/A
The Last Dalai Lama?,49,6,No score yet,N/A
The Ex-File 3: The Return of The Exes,66,5,No score yet,N/A
"Hare Krishna! The Mantra, the Movement and the Swami Who Started It",47,43,5.6,191
A Man Called Ove,47,21,3.6,7
"Polina, danser sa vie",70,21,7.4,86
Valley of Bones,87,9,4.0,4
The Unknown Girl,72,26,6.7,36
9/11,65,21,6.6,20
In This Corner of the World,62,14,5.9,93
Endless Poetry,73,21,7.6,22
The Journey,78,19,7.4,13
Champion,53,21,6.3,6
13 Minutes,72,21,7.1,20
The Bad Batch,82,28,7.4,34
Whose Streets?,62,25,5.5,57
Embrace: The Documentary,79,26,No score yet,N/A
Almost Christmas,75,17,8.3,12
Spark: A Space Tail,55,27,5.1,14
Mr. Gaga: A True Story of Love and Dance,22,6,2.4,7
Hubble 3D,72,27,8.0,11
Take Every Wave: The Life of Laird Hamilton,84,30,7.3,35
Past Life,66,9,No score yet,N/A
Truman,60,11,No score yet,N/A
The Adventurers,81,16,7.7,10
The Fortress,47,4,No score yet,N/A
All I See Is You,Link error,Link error,Link error,Link error
Railroad Tigers,43,25,5.2,21
The Breadwinner,80,14,No score yet,N/A
Little Shop of Horrors,68,15,No score yet,N/A
American Satan,81,15,7.7,63
Crown Heights,Link error,Link error,Link error,Link error
The Prison,64,25,7.4,7
The Swindlers,Link error,Link error,Link error,Link error
1945,Link error,Link error,Link error,Link error
Black Butler: Book of the Atlantic,71,21,7.9,454
Dean,69,19,6.2,11
Storks,62,24,6.4,33
Stalker,56,31,6.3,117
I Do... Until I Don't,26,13,9.1,215
Miss Peregrine's Home for Peculiar Children,79,46,7.2,117
Band Aid,tbd,4,No score yet,N/A
Government 3,67,21,5.9,10
A Silent Voice: The Movie,85,28,8.3,76
Citizen Jane: Battle for the City,Link error,Link error,Link error,Link error
Chuck,70,13,No score yet,N/A
Buddies in India,68,29,6.9,18
Dunkirk,Link error,Link error,Link error,Link error
Letters from Baghdad,tbd,4,No score yet,N/A
Disney Junior HalloVeen Party!,71,13,No score yet,N/A
BOSTON: An American Running Story,50,9,4.5,20
The Accountant,tbd,4,No score yet,N/A
This Is Not What I Expected,51,45,7.3,426
Pearl Jam: Let's Play Two,Link error,Link error,Link error,Link error
One Piece Film: Gold,tbd,4,No score yet,N/A
Land of Mine,43,4,7.1,27
Phillauri,75,26,7.6,50
DCI 2017 Tour Premeire,Link error,Link error,Link error,Link error
Duckweed,46,30,6.3,23
Journey to the South Pacific,Link error,Link error,Link error,Link error
Chasing Trane: The John Coltrane Documentary,78,29,6.5,46
Once Upon A Time,69,13,7.4,5
Born to Be Wild,Link error,Link error,Link error,Link error
Raw,78,17,6.5,22
Song to Song,81,33,7.3,190
Chasing the Dragon,Link error,Link error,Link error,Link error
Phantom Thread,Link error,Link error,Link error,Link error
Samaritan's Purse presents Facing Darkness,Link error,Link error,Link error,Link error
Allied,67,45,7.7,490
Bitter Harvest,60,44,6.7,250
Brigsby Bear,77,22,7.5,13
Along With the Gods: The Two Worlds,67,35,7.5,44
Jonah: The Musical,33,23,5.3,19
Walk With Me,49,34,5.3,16
Titanic,74,14,5.7,7
Chris Brown: Welcome To My Life,Link error,Link error,Link error,Link error
Master,tbd,4,7.4,10
Countdown to Canelo vs. Golovkin,53,4,No score yet,N/A
The Exception,66,24,7.5,4
Revive Us 2,60,15,6.1,22
George Takei's Allegiance,tbd,4,No score yet,N/A
Neruda,Link error,Link error,Link error,Link error
Detective Jagga,82,28,7.3,25
The Red Turtle,59,4,5.8,6
Tubelight,86,32,7.8,149
Landline,Link error,Link error,Link error,Link error
Last Flag Flying,66,33,6.4,17
May It Last,65,45,7.3,44
Mark Felt: The Man Who Brought Down the White House,72,26,6.4,13
Hotchpotch Again,49,29,5.6,31
Columbus,Link error,Link error,Link error,Link error
Wonderstruck,100,18,8.9,345
Frantz,75,22,9.1,1121
Viceroy's House,73,28,7.9,26
Step,76,37,6.7,46
Lucky,81,27,8.6,5
The Trip to Spain,41,9,No score yet,N/A
Spirited Away,66,31,6.8,20
3 idiotas,Link error,Link error,Link error,Link error
Churchill,61,24,5.9,18
The Battleship Island,44,25,8.9,98
My Friend Dahmer,60,4,7.9,7
Wonder Wheel,77,38,6.5,107
The Dinner,73,31,7.2,39
Toni Erdmann,57,30,4.4,24
The Wedding Plan,93,36,7.0,181
The Women's Balcony,72,18,7.0,5
Jane,89,36,7.3,237
Inhumans,Link error,Link error,Link error,Link error
A Taxi Driver,tbd,4,7.1,47
Youth,69,7,7.9,24
Professor Marston & the Wonder Women,Link error,Link error,Link error,Link error
The Comedian,84,46,7.0,258
Jolly LLB 2,40,37,5.2,18
Menashe,Link error,Link error,Link error,Link error
Goodbye Christopher Robin,81,27,6.4,12
The Post,54,28,6.8,48
Free Fire,40,23,7.5,12
The Wall,63,39,6.3,152
Toilet: A Love Story,67,18,7.9,10
Badrinath Ki Dulhania,74,5,8.4,5
Good Time,Link error,Link error,Link error,Link error
Paterson,80,41,7.6,253
The Little Hours,90,41,7.9,194
Brad's Status,69,29,6.3,51
Collide,19,8,3.9,8
The Killing of a Sacred Deer,33,10,8.4,98
The Resurrection of Gavin Stone,73,45,6.8,245
Jeepers Creepers III,36,5,5.5,14
Pokémon the Movie: I Choose You!,85,36,7.5,276
A Quiet Passion,67,42,7.3,209
"I, Tonya",77,30,6.3,40
LBJ,38,21,4.4,38
Do It Like An Hombre,54,19,7.6,18
IN OUR HANDS: Battle for Jerusalem,Link error,Link error,Link error,Link error
Showtime Championship Boxing: Floyd Mayweather vs. Conor McGregor,Link error,Link error,Link error,Link error
Wolf Warrior 2,63,34,5.9,49
Hacksaw Ridge,44,4,5.7,6
Doctor Strange,71,47,8.3,771
Leap!,72,49,8.1,1863
Ingrid Goes West,48,18,6.3,28
Colossal,71,39,7.2,93
Close Encounters of the Third Kind,70,38,6.1,171
Raees,90,10,7.8,201
Til Death Do Us Part,Link error,Link error,Link error,Link error
An Inconvenient Sequel: Truth to Power,Link error,Link error,Link error,Link error
Trolls,68,36,6.3,36
Phoenix Forgotten,55,32,6.6,179
Their Finest,33,5,4.5,22
Table 19,76,30,6.3,50
A Monster Calls,40,29,5.8,32
Friend Request,76,40,7.7,234
Norman,31,18,4.7,45
Kedi,60,11,No score yet,N/A
The Oscar Nominated Short Films 2017: Live Action,78,23,8.5,40
Sleight,65,41,6.1,35
Dangal,62,18,4.8,26
The Hero,Link error,Link error,Link error,Link error
Stronger,61,28,6.8,27
The Book of Henry,76,41,7.4,99
Call Me by Your Name,31,31,4.7,59
Your Name.,42,35,5.0,99
The Man Who Invented Christmas,83,40,7.4,147
Suburbicon,48,25,5.0,14
All Saints,42,49,4.5,116
Same Kind of Different as Me,57,9,6.5,6
The Snowman,23,40,6.2,177
Silence,23,40,4.0,125
Birth of the Dragon,79,48,7.6,325
Beatriz at Dinner,35,13,4.5,27
I Am Not Your Negro,68,36,5.5,49
Let There Be Light,95,36,5.4,170
The Space Between Us,81,52,7.3,223
The Promise,47,40,7.5,264
Maudie,53,26,5.0,13
The Lost City of Z,65,35,7.4,43
Arrival,78,44,7.0,239
Rock Dog,81,52,8.1,1823
Marshall,48,16,7.0,28
The Belko Experiment,Link error,Link error,Link error,Link error
Live by Night,44,21,5.0,89
The Beguiled,49,43,7.8,192
Fantastic Beasts and Where to Find Them,77,45,6.2,187
Unforgettable,66,50,7.3,1177
"Roman J. Israel, Esq.",45,27,3.8,30
Battle of the Sexes,58,31,6.5,82
All the Money in the World,73,46,6.3,145
Father Figures,66,47,7.4,187
Born in China,66,25,6.7,44
It Comes at Night,57,14,6.1,17
Wish Upon,78,43,6.3,356
Moonlight,50,6,7.6,33
The Shape of Water,59,8,No score yet,N/A
Flatliners,77,49,6.7,194
Downsizing,55,10,9.0,67
The Zookeeper's Wife,56,40,6.0,67
The Disaster Artist,75,51,6.9,889
Baahubali 2: The Conclusion,28,26,5.0,76
The Circle,Link error,Link error,Link error,Link error
Manchester by the Sea,85,28,6.3,6
Diary of a Wimpy Kid: The Long Haul,96,52,8.2,938
Sleepless,39,16,3.4,59
Leap!,34,15,4.5,46
Rough Night,39,13,7.1,125
Victoria & Abdul,51,40,4.7,101
"Three Billboards Outside Ebbing, Missouri",37,22,3.1,82
The House,60,33,7.5,151
Resident Evil: The Final Chapter,30,22,4.4,69
Home Again,49,19,5.1,384
Logan Lucky,41,29,5.5,36
Rings,78,51,6.9,322
The Nut Job 2: Nutty by Nature,25,23,4.0,111
Why Him?,36,19,4.3,29
Life,39,30,6.7,191
The Mountain Between Us,63,20,8.9,59
Underworld: Blood Wars,48,37,5.1,104
Patriots Day,44,26,4.9,48
Fences,69,42,7.1,159
Lady Bird,79,48,7.3,249
Fist Fight,54,11,5.3,38
Monster Trucks,37,28,5.2,60
Geostorm,41,23,5.4,64
"Everything, Everything",73,44,7.8,357
American Assassin,55,23,7.1,181
Jigsaw,45,30,5.7,131
King Arthur: Legend of the Sword,39,18,6.0,204
The Star,41,45,7.2,607
Ghost in the Shell,51,45,6.4,617
Moana,76,14,8.8,165
The Big Sick,81,44,7.8,749
47 Meters Down,86,47,7.0,390
Passengers,52,24,5.2,127
xXx: Return of Xander Cage,40,8,6.3,45
All Eyez on Me,42,25,4.8,270
Going in Style,38,22,4.4,69
Smurfs: The Lost Village,50,31,6.1,90
The Great Wall,40,25,5.8,70
Snatched,42,40,5.7,258
Lion,45,41,3.1,110
Boo 2! A Madea Halloween,69,45,7.8,321
The Greatest Showman,17,10,2.1,40
American Made,34,46,4.5,386
Atomic Blonde,65,50,6.9,264
Ferdinand,63,50,6.7,430
The Shack,58,26,6.8,298
Baywatch,32,18,5.6,60
The Lego Ninjago Movie,37,47,4.7,290
Pitch Perfect 3,55,33,5.3,117
Alien: Covenant,69,25,6.9,161
The Hitman's Bodyguard,65,52,5.8,1289
Power Rangers,48,34,8.8,615
The Emoji Movie,44,30,6.8,496
Blade Runner 2049,12,26,2.0,821
Kingsman: The Golden Circle,75,43,8.0,1086
Transformers: The Last Knight,65,51,7.6,3483
Split,27,47,4.1,558
War for the Planet of the Apes,62,48,7.0,823
Cars 3,82,50,8.0,770
Hidden Figures,59,41,7.0,350
Kong: Skull Island,74,47,7.5,386
Jumanji: Welcome to the Jungle,62,49,6.6,755
The Boss Baby,39,45,6.3,821
Get Out,50,32,5.2,245
Coco,75,48,7.6,603
Logan,56,45,6.9,710
Despicable Me 3,tbd,4,No score yet,N/A
Thor: Ragnarok,49,37,5.7,258
Spider-Man: Homecoming,69,49,7.8,1326
Guardians of the Galaxy Vol. 2,73,51,7.5,2148
